{
    "uid": "2af7c32f-db4f-4c3b-9f8c-db94e96e1ab4",
    "name": "5_Default_NeuralNetwork",
    "preprocessing": [
        {
            "scale": [
                {
                    "scale": [
                        0.5265873457004817,
                        0.8033935893500689,
                        3.4974818145654556,
                        162555.8201172297,
                        188929.30089059216,
                        142527.5323790256,
                        0.06727155006449038,
                        0.12400438025062627,
                        4.17973693121499,
                        0.34792183038003255,
                        3.178295009664466,
                        0.7880523124107516
                    ],
                    "mean": [
                        1.2522468544038345,
                        2018.9197124026364,
                        7.529059316956261,
                        407713.3966192695,
                        418299.69742360694,
                        404935.996426662,
                        53.35639518009386,
                        -6.29468795248286,
                        10.833469428741395,
                        0.6752997019303065,
                        3.864955675701193,
                        1.2115217514600212
                    ],
                    "var": [
                        0.2772942326518787,
                        0.645441259408787,
                        12.232379043216072,
                        26424394653.985146,
                        35694280735.00791,
                        20314097486.054188,
                        0.004525461448079237,
                        0.01537708632134191,
                        17.470200814162496,
                        0.12104960005499214,
                        10.101559168458047,
                        0.6210264470959328
                    ],
                    "n_samples_seen": 1669,
                    "n_features_in": 12,
                    "columns": [
                        "Property Size Description",
                        "Year",
                        "Month",
                        "Town",
                        "Neighbourhood",
                        "Eircode",
                        "Latitude",
                        "Longitude",
                        "DistanceIFSC",
                        "DistanceSchool",
                        "DistancePark",
                        "DistanceSecSchool"
                    ],
                    "scale_method": "scale_normal"
                }
            ],
            "scale_y": {
                "scale": [
                    0.4153803615076479
                ],
                "mean": [
                    12.855348355933266
                ],
                "var": [
                    0.17254084472622425
                ],
                "n_samples_seen": 1669,
                "n_features_in": 1,
                "columns": [
                    "target"
                ],
                "scale_method": "scale_normal"
            },
            "ml_task": "regression",
            "params": {
                "columns_preprocessing": {
                    "Property Size Description": [
                        "scale_normal"
                    ],
                    "Year": [
                        "scale_normal"
                    ],
                    "Month": [
                        "scale_normal"
                    ],
                    "Town": [
                        "scale_normal"
                    ],
                    "Neighbourhood": [
                        "scale_normal"
                    ],
                    "Eircode": [
                        "scale_normal"
                    ],
                    "Latitude": [
                        "scale_normal"
                    ],
                    "Longitude": [
                        "scale_normal"
                    ],
                    "DistanceIFSC": [
                        "scale_normal"
                    ],
                    "DistanceSchool": [
                        "scale_normal"
                    ],
                    "DistancePark": [
                        "scale_normal"
                    ],
                    "DistanceSecSchool": [
                        "scale_normal"
                    ]
                },
                "target_preprocessing": [
                    "na_exclude",
                    "scale_normal"
                ],
                "ml_task": "regression"
            }
        }
    ],
    "learners": [
        {
            "library_version": "0.24.0",
            "algorithm_name": "Neural Network",
            "algorithm_short_name": "Neural Network",
            "uid": "b1db81e9-16af-4573-ad48-a935cfeee6ce",
            "params": {
                "model_type": "Neural Network",
                "ml_task": "regression",
                "n_jobs": -1,
                "dense_1_size": 32,
                "dense_2_size": 16,
                "learning_rate": 0.05,
                "seed": 5,
                "explain_level": 2
            },
            "name": "learner_fold_0"
        }
    ],
    "params": {
        "additional": {
            "max_rows_limit": null,
            "max_cols_limit": null
        },
        "preprocessing": {
            "columns_preprocessing": {
                "Property Size Description": [
                    "scale_normal"
                ],
                "Year": [
                    "scale_normal"
                ],
                "Month": [
                    "scale_normal"
                ],
                "Town": [
                    "scale_normal"
                ],
                "Neighbourhood": [
                    "scale_normal"
                ],
                "Eircode": [
                    "scale_normal"
                ],
                "Latitude": [
                    "scale_normal"
                ],
                "Longitude": [
                    "scale_normal"
                ],
                "DistanceIFSC": [
                    "scale_normal"
                ],
                "DistanceSchool": [
                    "scale_normal"
                ],
                "DistancePark": [
                    "scale_normal"
                ],
                "DistanceSecSchool": [
                    "scale_normal"
                ]
            },
            "target_preprocessing": [
                "na_exclude",
                "scale_normal"
            ],
            "ml_task": "regression"
        },
        "validation_strategy": {
            "validation_type": "split",
            "train_ratio": 0.75,
            "shuffle": true,
            "X_path": "AutoML_2\\X.data",
            "y_path": "AutoML_2\\y.data",
            "results_path": "AutoML_2"
        },
        "learner": {
            "model_type": "Neural Network",
            "ml_task": "regression",
            "n_jobs": -1,
            "dense_1_size": 32,
            "dense_2_size": 16,
            "learning_rate": 0.05,
            "seed": 5,
            "explain_level": 2
        },
        "automl_random_state": 1234,
        "ml_task": "regression",
        "explain_level": 2,
        "name": "5_Default_NeuralNetwork",
        "status": "initialized",
        "final_loss": null,
        "train_time": null,
        "data_type": "original",
        "max_time_for_learner": 60
    },
    "saved": [
        "5_Default_NeuralNetwork\\learner_fold_0.neural_network"
    ],
    "predictions_fname": "5_Default_NeuralNetwork\\predictions_validation.csv",
    "metric_name": "rmse",
    "final_loss": 0.24481331183657978,
    "train_time": 2.009974241256714,
    "is_stacked": false
}